code_length,accuracy,adv_accuracy
8,0.9860913705583756,0.6402030456852792
16,0.9913705583756345,0.716243654822335
